<?xml version="1.0" encoding="utf-8"?><feed xmlns="http://www.w3.org/2005/Atom" ><generator uri="https://jekyllrb.com/" version="3.10.0">Jekyll</generator><link href="http://localhost:4000/feed.xml" rel="self" type="application/atom+xml" /><link href="http://localhost:4000/" rel="alternate" type="text/html" /><updated>2025-07-29T13:34:00-04:00</updated><id>http://localhost:4000/feed.xml</id><title type="html">Noam Tobin</title><subtitle></subtitle><entry><title type="html">Stochastic Control and Levy Processes for Systematic Trading</title><link href="http://localhost:4000/Stochastic-Control-and-Levy-Frameworks-in-Quantitative-Finance/" rel="alternate" type="text/html" title="Stochastic Control and Levy Processes for Systematic Trading" /><published>2025-07-29T00:00:00-04:00</published><updated>2025-07-29T00:00:00-04:00</updated><id>http://localhost:4000/Stochastic-Control-and-Levy-Frameworks-in-Quantitative-Finance</id><content type="html" xml:base="http://localhost:4000/Stochastic-Control-and-Levy-Frameworks-in-Quantitative-Finance/"><![CDATA[<p>In systematic decision making in quantitative finance, stochastic optimal control offers a powerful framework for capturing market randomness and the progressive revelation of information. Lévy processes—stochastic models with stationary, independent increments—provide a unified approach to modeling evolving quantities such as asset prices and insurance claim sizes.</p>

<p>Under the guiding supervision of Dr. Jingyi Cao, I presented a seminar on this topic during my Master’s, focusing on the paper “Optimally Stopping at a Given Distance from the Ultimate Supremum of a Spectrally Negative Lévy Process” by Mónica B. Carvajal Pinto and Kees van Schaik, which I will discuss here. In a future post, I may explore more recent developments in the field, such as Baurdoux and Pedraza’s “On the Last Zero Process with an Application in Corporate Bankruptcy.”</p>

<p>For a given Lévy process ((X_t)<em>{t \ge 0}) defined on the filtered probability space ((\Omega, \mathcal{F}, (\mathcal{F}_t)</em>{t \ge 0}, \mathbb{P})), …</p>]]></content><author><name></name></author><summary type="html"><![CDATA[In systematic decision making in quantitative finance, stochastic optimal control offers a powerful framework for capturing market randomness and the progressive revelation of information. Lévy processes—stochastic models with stationary, independent increments—provide a unified approach to modeling evolving quantities such as asset prices and insurance claim sizes.]]></summary></entry></feed>